{"cameraMode":{"drawMode":0,"name":"Shaded","section":"Shading Mode"},"sceneLighting":true,"audioPlay":false,"sceneViewState":{"m_AlwaysRefresh":false,"showFog":true,"showSkybox":true,"showFlares":true,"showImageEffects":true,"showParticleSystems":true,"showVisualEffectGraphs":true,"m_FxEnabled":true},"in2DMode":false,"pivot":{"x":16.561336517333986,"y":-7.4263081550598148,"z":17.112022399902345},"rotation":{"x":-0.08107084035873413,"y":-0.26953110098838808,"z":0.02277849055826664,"w":-0.9593064785003662},"size":26.87438201904297,"orthographic":false}